{
    "$schema": "https://schema.management.azure.com/schemas/2015-01-01/deploymentParameters.json#",
    "contentVersion": "1.0.0.0",
    "parameters": {
        "subscriptionId": {
            "value": "7915fa82-4e5f-48af-ae18-2154ab8ff2a9"
        },
        "name": {
            "value": "zconsulting-poc"
        },
        "location": {
            "value": "East US"
        },
        "hostingPlanName": {
            "value": "ASP-pocwebapp-845b"
        },
        "serverFarmResourceGroup": {
            "value": "poc-webapp"
        },
        "alwaysOn": {
            "value": false
        },
        "sku": {
            "value": "Free"
        },
        "skuCode": {
            "value": "F1"
        },
        "workerSize": {
            "value": "0"
        },
        "workerSizeId": {
            "value": "0"
        },
        "numberOfWorkers": {
            "value": "1"
        },
        "linuxFxVersion": {
            "value": "DOTNETCORE|3.1"
        }
    }
}